{
    "0": {
        "bus": 1,
        "channel": -1,
        "address": 105,
        "acc": [
            [
                -0.01135031375405271,
                -0.05711764019457499
            ],
            [
                -0.00042002540009566935,
                -0.0029858828574442775
            ],
            [
                -0.0034659177235687455,
                -0.015627581001036672
            ]
        ],
        "gyro": [
            2.777170164133984,
            -0.553080181918363,
            2.320906114378587
        ],
        "mag": []
    }
}