{
    "1_-1_105": {
        "bus": 1,
        "channel": -1,
        "address": 105,
        "acc": [
            [
                0.005240304989988509,
                0.02126356815348085
            ],
            [
                -7.886668623280357e-05,
                0.0003967870667810347
            ],
            [
                0.005077724107318993,
                -0.01166677176555675
            ]
        ],
        "gyro": [],
        "mag": []
    }
}